{
  "seeds": 6,
  "n": 3000,
  "junk_frac": 0.15,
  "fillers_per_family": 40,
  "oad": {
    "call_rate": {
      "mean": 24.144444444444446,
      "ci": 0.7289752811496478,
      "sd": 0.6946355292659021,
      "n": 6,
      "lo": 23.415469163294798,
      "hi": 24.873419725594093
    },
    "silent_rate": {
      "mean": 0.0,
      "ci": 0.0,
      "sd": 0.0,
      "n": 6,
      "lo": 0.0,
      "hi": 0.0
    }
  },
  "exact_cache": {
    "call_rate": {
      "mean": 34.14833333333333,
      "ci": 0.3379389164897976,
      "sd": 0.322019668136383,
      "n": 6,
      "lo": 33.810394416843536,
      "hi": 34.48627224982313
    },
    "silent_rate": {
      "mean": 0.0,
      "ci": 0.0,
      "sd": 0.0,
      "n": 6,
      "lo": 0.0,
      "hi": 0.0
    }
  },
  "semantic_cache_curve": [
    {
      "threshold": 0.55,
      "call_rate": {
        "mean": 8.03,
        "ci": 0.18772875430547264,
        "sd": 0.17888543819998293,
        "n": 6,
        "lo": 7.842271245694526,
        "hi": 8.217728754305472
      },
      "silent_rate": {
        "mean": 73.98666666666666,
        "ci": 0.5836472580210513,
        "sd": 0.5561534560412871,
        "n": 6,
        "lo": 73.40301940864562,
        "hi": 74.57031392468771
      }
    },
    {
      "threshold": 0.65,
      "call_rate": {
        "mean": 12.776666666666666,
        "ci": 0.33984003592597956,
        "sd": 0.32383123176535444,
        "n": 6,
        "lo": 12.436826630740686,
        "hi": 13.116506702592645
      },
      "silent_rate": {
        "mean": 65.12833333333333,
        "ci": 0.5697736502221795,
        "sd": 0.5429333906352304,
        "n": 6,
        "lo": 64.55855968311116,
        "hi": 65.6981069835555
      }
    },
    {
      "threshold": 0.72,
      "call_rate": {
        "mean": 16.771666666666665,
        "ci": 0.22206580537428863,
        "sd": 0.2116049778872565,
        "n": 6,
        "lo": 16.549600861292376,
        "hi": 16.993732472040953
      },
      "silent_rate": {
        "mean": 56.76666666666667,
        "ci": 0.5168794580633952,
        "sd": 0.4925308788966097,
        "n": 6,
        "lo": 56.24978720860328,
        "hi": 57.283546124730066
      }
    },
    {
      "threshold": 0.78,
      "call_rate": {
        "mean": 20.926666666666666,
        "ci": 0.2559131525546941,
        "sd": 0.24385788210895826,
        "n": 6,
        "lo": 20.670753514111972,
        "hi": 21.18257981922136
      },
      "silent_rate": {
        "mean": 47.21666666666667,
        "ci": 0.8787647623746089,
        "sd": 0.8373688952108662,
        "n": 6,
        "lo": 46.33790190429206,
        "hi": 48.09543142904128
      }
    },
    {
      "threshold": 0.84,
      "call_rate": {
        "mean": 25.405,
        "ci": 0.3399102435573305,
        "sd": 0.32389813213416396,
        "n": 6,
        "lo": 25.06508975644267,
        "hi": 25.74491024355733
      },
      "silent_rate": {
        "mean": 37.38666666666666,
        "ci": 1.0619887698038668,
        "sd": 1.0119617911100547,
        "n": 6,
        "lo": 36.324677896862795,
        "hi": 38.44865543647053
      }
    },
    {
      "threshold": 0.9,
      "call_rate": {
        "mean": 28.811666666666667,
        "ci": 0.30483651740395895,
        "sd": 0.29047661982794204,
        "n": 6,
        "lo": 28.506830149262708,
        "hi": 29.116503184070627
      },
      "silent_rate": {
        "mean": 27.46666666666667,
        "ci": 0.5299667298866231,
        "sd": 0.5050016501623207,
        "n": 6,
        "lo": 26.936699936780045,
        "hi": 27.996633396553293
      }
    },
    {
      "threshold": 0.95,
      "call_rate": {
        "mean": 31.573333333333334,
        "ci": 0.3173856122189013,
        "sd": 0.30243456592570006,
        "n": 6,
        "lo": 31.25594772111443,
        "hi": 31.890718945552237
      },
      "silent_rate": {
        "mean": 12.583333333333334,
        "ci": 0.6441745640324581,
        "sd": 0.6138295094459588,
        "n": 6,
        "lo": 11.939158769300876,
        "hi": 13.227507897365792
      }
    }
  ],
  "figure": "results/figs/baselines/pareto_cost_safety.png"
}