{
  "teacher": "openai",
  "model": "gpt-5.5",
  "seeds": 8,
  "n": 3000,
  "junk_frac": 0.15,
  "n_families": 30,
  "universe": 297,
  "oad": {
    "call_rate": {
      "mean": 27.13625,
      "ci": 1.0738784390081717,
      "sd": 1.2845114413103311,
      "n": 8,
      "lo": 26.062371560991828,
      "hi": 28.210128439008173
    },
    "accuracy": {
      "mean": 96.9925,
      "ci": 0.13216762905837343,
      "sd": 0.1580912936972083,
      "n": 8,
      "lo": 96.86033237094163,
      "hi": 97.12466762905838
    },
    "autonomy": {
      "mean": 72.86375,
      "ci": 1.0738784390081735,
      "sd": 1.2845114413103331,
      "n": 8,
      "lo": 71.78987156099183,
      "hi": 73.93762843900817
    },
    "silent_failures": {
      "mean": 12.625,
      "ci": 3.1578865393438567,
      "sd": 3.77728171346236,
      "n": 8,
      "lo": 9.467113460656144,
      "hi": 15.782886539343856
    },
    "silent_inherited_a": {
      "mean": 12.375,
      "ci": 3.126108256163579,
      "sd": 3.7392703642746747,
      "n": 8,
      "lo": 9.24889174383642,
      "hi": 15.50110825616358
    },
    "silent_added_b": {
      "mean": 0.25,
      "ci": 0.3870024865375798,
      "sd": 0.4629100498862757,
      "n": 8,
      "lo": -0.1370024865375798,
      "hi": 0.6370024865375798
    },
    "irrelevance_abstain_pct": {
      "mean": 100.0,
      "ci": 0.0,
      "sd": 0.0,
      "n": 8,
      "lo": 100.0,
      "hi": 100.0
    }
  },
  "always_call_accuracy": {
    "mean": 96.83375,
    "ci": 0.12213081510312675,
    "sd": 0.14608583582459758,
    "n": 8,
    "lo": 96.71161918489686,
    "hi": 96.95588081510313
  }
}