{
  "teacher": "oracle",
  "model": "gpt-5.5",
  "seeds": 8,
  "n": 3000,
  "junk_frac": 0.15,
  "n_families": 30,
  "universe": 297,
  "oad": {
    "call_rate": {
      "mean": 24.09625,
      "ci": 1.0222721532459527,
      "sd": 1.2227829792263687,
      "n": 8,
      "lo": 23.073977846754048,
      "hi": 25.118522153245955
    },
    "accuracy": {
      "mean": 100.0,
      "ci": 0.0,
      "sd": 0.0,
      "n": 8,
      "lo": 100.0,
      "hi": 100.0
    },
    "autonomy": {
      "mean": 75.90375,
      "ci": 1.0222721532459516,
      "sd": 1.2227829792263674,
      "n": 8,
      "lo": 74.88147784675405,
      "hi": 76.92602215324595
    },
    "silent_failures": {
      "mean": 0.0,
      "ci": 0.0,
      "sd": 0.0,
      "n": 8,
      "lo": 0.0,
      "hi": 0.0
    },
    "silent_inherited_a": {
      "mean": 0.0,
      "ci": 0.0,
      "sd": 0.0,
      "n": 8,
      "lo": 0.0,
      "hi": 0.0
    },
    "silent_added_b": {
      "mean": 0.0,
      "ci": 0.0,
      "sd": 0.0,
      "n": 8,
      "lo": 0.0,
      "hi": 0.0
    },
    "irrelevance_abstain_pct": {
      "mean": 100.0,
      "ci": 0.0,
      "sd": 0.0,
      "n": 8,
      "lo": 100.0,
      "hi": 100.0
    }
  },
  "always_call_accuracy": {
    "mean": 100.0,
    "ci": 0.0,
    "sd": 0.0,
    "n": 8,
    "lo": 100.0,
    "hi": 100.0
  }
}