{
  "model": "gpt-5.5",
  "seeds": 20,
  "n": 1500,
  "junk_frac": 0.15,
  "summary_mean_ci": {
    "baseline_teacher_backed": {
      "silent_failures": {
        "mean": 110.1,
        "ci": 3.554250795603092,
        "sd": 7.5943192065205105,
        "n": 20,
        "lo": 106.5457492043969,
        "hi": 113.65425079560309
      },
      "llm_rate": {
        "mean": 11.235,
        "ci": 0.36260984040371264,
        "sd": 0.7747835011693334,
        "n": 20,
        "lo": 10.872390159596288,
        "hi": 11.597609840403711
      },
      "accuracy": {
        "mean": 91.33,
        "ci": 0.30029031607770995,
        "sd": 0.6416262233780011,
        "n": 20,
        "lo": 91.02970968392229,
        "hi": 91.6302903160777
      },
      "silent_oad_added_b": {
        "mean": 0.0,
        "ci": 0.0,
        "sd": 0.0,
        "n": 20,
        "lo": 0.0,
        "hi": 0.0
      }
    },
    "oracle_exec_confirm": {
      "silent_failures": {
        "mean": 96.65,
        "ci": 3.463489680850442,
        "sd": 7.40039117031554,
        "n": 20,
        "lo": 93.18651031914956,
        "hi": 100.11348968085045
      },
      "llm_rate": {
        "mean": 14.170000000000002,
        "ci": 0.6153145994563328,
        "sd": 1.3147343137643719,
        "n": 20,
        "lo": 13.554685400543669,
        "hi": 14.785314599456335
      },
      "accuracy": {
        "mean": 91.33,
        "ci": 0.30029031607770995,
        "sd": 0.6416262233780011,
        "n": 20,
        "lo": 91.02970968392229,
        "hi": 91.6302903160777
      },
      "silent_oad_added_b": {
        "mean": 0.0,
        "ci": 0.0,
        "sd": 0.0,
        "n": 20,
        "lo": 0.0,
        "hi": 0.0
      }
    },
    "oracle_exec_confirm_gated_induction": {
      "silent_failures": {
        "mean": 0.0,
        "ci": 0.0,
        "sd": 0.0,
        "n": 20,
        "lo": 0.0,
        "hi": 0.0
      },
      "llm_rate": {
        "mean": 18.875,
        "ci": 0.41608421624965075,
        "sd": 0.8890414708224276,
        "n": 20,
        "lo": 18.45891578375035,
        "hi": 19.29108421624965
      },
      "accuracy": {
        "mean": 91.33,
        "ci": 0.30029031607770995,
        "sd": 0.6416262233780011,
        "n": 20,
        "lo": 91.02970968392229,
        "hi": 91.6302903160777
      },
      "silent_oad_added_b": {
        "mean": 0.0,
        "ci": 0.0,
        "sd": 0.0,
        "n": 20,
        "lo": 0.0,
        "hi": 0.0
      }
    },
    "honest_exec_confirm": {
      "silent_failures": {
        "mean": 105.25,
        "ci": 3.640693600328059,
        "sd": 7.779020368577064,
        "n": 20,
        "lo": 101.60930639967194,
        "hi": 108.89069360032806
      },
      "llm_rate": {
        "mean": 13.255,
        "ci": 0.6342051934064487,
        "sd": 1.355097588251197,
        "n": 20,
        "lo": 12.620794806593553,
        "hi": 13.889205193406449
      },
      "accuracy": {
        "mean": 91.33,
        "ci": 0.30029031607770995,
        "sd": 0.6416262233780011,
        "n": 20,
        "lo": 91.02970968392229,
        "hi": 91.6302903160777
      },
      "silent_oad_added_b": {
        "mean": 0.0,
        "ci": 0.0,
        "sd": 0.0,
        "n": 20,
        "lo": 0.0,
        "hi": 0.0
      }
    },
    "honest_exec_confirm_gated_induction": {
      "silent_failures": {
        "mean": 26.9,
        "ci": 2.7495911888627287,
        "sd": 5.875013997743682,
        "n": 20,
        "lo": 24.150408811137268,
        "hi": 29.64959118886273
      },
      "llm_rate": {
        "mean": 17.02,
        "ci": 0.4209665703395995,
        "sd": 0.8994735302269582,
        "n": 20,
        "lo": 16.599033429660402,
        "hi": 17.440966570339597
      },
      "accuracy": {
        "mean": 91.33,
        "ci": 0.30029031607770995,
        "sd": 0.6416262233780011,
        "n": 20,
        "lo": 91.02970968392229,
        "hi": 91.6302903160777
      },
      "silent_oad_added_b": {
        "mean": 0.0,
        "ci": 0.0,
        "sd": 0.0,
        "n": 20,
        "lo": 0.0,
        "hi": 0.0
      }
    }
  },
  "paired_reductions": {
    "baseline_minus_honest_gated": {
      "mean": 83.2,
      "ci": 2.488573219802358,
      "sd": 5.317300462690285,
      "n": 20,
      "lo": 80.71142678019764,
      "hi": 85.68857321980236
    },
    "baseline_minus_oracle_gated": {
      "mean": 110.1,
      "ci": 3.554250795603092,
      "sd": 7.5943192065205105,
      "n": 20,
      "lo": 106.5457492043969,
      "hi": 113.65425079560309
    },
    "honest_gated_minus_oracle_gated_residual": {
      "mean": 26.9,
      "ci": 2.7495911888627287,
      "sd": 5.875013997743682,
      "n": 20,
      "lo": 24.150408811137268,
      "hi": 29.64959118886273
    }
  }
}