{
  "R1": {
    "n_seeds": 10,
    "oad_accuracy_pct": [
      100.0,
      0.0,
      0.0
    ],
    "oad_llm_rate_pct": [
      17.253333333333334,
      0.36824575798182024,
      0.22824108544786564
    ],
    "oad_silent_rate_pct": [
      0.0,
      0.0,
      0.0
    ],
    "eager_silent_rate_pct": [
      7.563333333333333,
      0.2970845994986264,
      0.18413494246621698
    ],
    "drift_recovery_calls": [
      141.8,
      20.1813995770583,
      12.508561050558754
    ],
    "scissors_gap_safe_pct": [
      -0.9908693968015425,
      0.002520001559968761,
      0.0015619131487890209
    ],
    "scissors_gap_ablation_pct": [
      59.18995680068748,
      2.7904437631478904,
      1.7295349629351164
    ],
    "figure": "/mnt/user-data/outputs/oad_release_figs/rigor/r1_multiseed_ci.png"
  },
  "R2": {
    "epsilons": [
      0.0,
      0.2,
      0.4,
      0.6,
      0.8
    ],
    "safe_gap_mean": [
      -1.0382020090301367,
      -1.0396425694173599,
      -1.0434027927174907,
      -1.0526183553171635,
      -1.120611895215588
    ],
    "safe_gap_ci": [
      0.00832320719721594,
      0.007854120121685777,
      0.01007403514074789,
      0.014375289202512407,
      0.05208819626023295
    ],
    "ablation_gap_mean": [
      5.694103854642736,
      23.013581290178436,
      40.66966446104807,
      59.37592977902055,
      80.30288784177228
    ],
    "ablation_gap_ci": [
      0.6244519673718312,
      1.8840002986929771,
      2.0301293010870713,
      3.1266737614929223,
      1.1691417575811678
    ],
    "figure": "/mnt/user-data/outputs/oad_release_figs/rigor/r2_epsilon_sweep.png"
  },
  "R3": {
    "silent_on_junk": {
      "full design": [
        0.0,
        0.0,
        0.0
      ],
      "no gate": [
        7.611111111111111,
        0.31245740450440534,
        0.2500179944141305
      ],
      "fall-through on": [
        0.0,
        0.0,
        0.0
      ]
    },
    "scissors_gap": {
      "full design": [
        -1.0059441960870146,
        0.005043331060874831,
        0.004035505316337083
      ],
      "no decay": [
        7.675058250180652,
        8.62966630106626,
        6.905171168780463
      ],
      "eager acting": [
        58.99800076106822,
        2.71984221654862,
        2.1763270330653395
      ],
      "self-train on": [
        -1.0059441960870146,
        0.005043331060874831,
        0.004035505316337083
      ],
      "full ablation": [
        58.99800076106822,
        2.71984221654862,
        2.1763270330653395
      ]
    },
    "figure": "/mnt/user-data/outputs/oad_release_figs/rigor/r3_ablations.png"
  },
  "R4": {
    "deltas": [
      0.0,
      0.1,
      0.2,
      0.3
    ],
    "safe_silent_mean": [
      0.0,
      0.0,
      0.4533333333333333,
      1.7266666666666666
    ],
    "safe_silent_ci": [
      0.0,
      0.0,
      0.03919999999999999,
      0.07562880109822949
    ],
    "noprotect_silent_mean": [
      7.513333333333333,
      8.746666666666666,
      12.993333333333334,
      22.53333333333333
    ],
    "noprotect_silent_ci": [
      0.19665224805902087,
      1.0122661573584948,
      1.1487153326893287,
      9.242623331308293
    ],
    "figure": "/mnt/user-data/outputs/oad_release_figs/rigor/r4_teacher_noise.png"
  }
}